[
    {
      "question": "Could I find some hostels with a better review?",
      "answer": "Yes, you can find hostels with better reviews by checking online review platforms or asking for recommendations."
    },
    {
      "question": "Which hostels are budget-friendly?",
      "answer": "Budget-friendly hostels can be found by comparing prices on booking websites or contacting hostels directly."
    },
    {
      "question": "Hostels with attached bathrooms?",
      "answer": "Many hostels offer rooms with attached bathrooms. Check the amenities section on booking websites."
    },
    {
      "question": "Hostels with good quality of facilities or quantity of facilities?",
      "answer": "Hostels with good quality facilities can be identified by reading reviews and checking the amenities listed."
    },
    {
      "question": "Hostels having transport service for college?",
      "answer": "Some hostels offer transport services for college students. It's best to inquire directly with the hostel."
    },
    {
      "question": "Are meals included with rent?",
      "answer": "Meals may be included with rent in some hostels. Check the hostel's policy or ask directly."
    },
    {
      "question": "Want to upload photos with my review?",
      "answer": "You can upload photos with your review on most online review platforms."
    },
    {
      "question": "Any discounts for students?",
      "answer": "Many hostels offer discounts for students. It's advisable to ask about student discounts when booking."
    }
  ]